Workbook

Sheet Portaria
E5: SISTEMA DE CONSULTA DE ACESSO - PORTARIA (BOUGAINVILLE)
E7: DIGITE O LOTE-QUADRA
J9: 7-55
E13: STATUS DE ACESSO
E14: =IF(J9=(IFERROR(VLOOKUP(J9,'Lote Entregues'!J6:J4500,1,FALSE),"OK")), "EMBARGADO", "LIBERADO") -> LIBERADO
E16: =IF(IFERROR(VLOOKUP(J9,'Lote Entregues'!C6:G4500,5,FALSE), "NÃO")= "SIM", "MORADOR", "NÃO É MORADOR") -> NÃO É MORADOR

Sheet Lote Entregues
B3: ATUALIZADO - 22/10/2026
B4: LISTA DE LOTES ENTREGUES - BOUGAINVILLLE
B5: QUANTIDADES ENTREGUES | C5: LOTE - QUADRA | D5: LOTE | E5: QUADRA | F5: PROPRIETÁRIO | G5: MORADOR | H5: DATA DA ENTREGA | I5: SETOR | J5: ANALISE | K5: SITUAÇÃO
B6: 1 | C6: 19-76 | D6: 19 | E6: 76 | F6: A ENGENHARIA DO FRIO EIRELI | H6: 46030 | I6: ROXO | J6: =IFERROR(VLOOKUP($C6,Embargos!$E$4:$E$3878,1,FALSE), "OK") -> OK | K6: =IF(J6=C6, "EMBARGADO", "LIBERADO") -> LIBERADO
B7: 2 | C7: 7-26 | D7: 7 | E7: 26 | F7: ADAILSON OLIVEIRA DA SILVA | H7: 44960 | I7: VERMELHO | J7: =IFERROR(VLOOKUP($C7,Embargos!$E$4:$E$3878,1,FALSE), "OK") -> OK | K7: =IF(J7=C7, "EMBARGADO", "LIBERADO") -> LIBERADO
B8: 3 | C8: 46-69 | D8: 46 | E8: 69 | F8: ADAILSON SILVA DOS SANTOS | H8: 44944 | I8: AMARELO | J8: =IFERROR(VLOOKUP($C8,Embargos!$E$4:$E$3878,1,FALSE), "OK") -> OK | K8: =IF(J8=C8, "EMBARGADO", "LIBERADO") -> LIBERADO
B9: 4 | C9: 1-52 | D9: 1 | E9: 52 | F9: ADALBERTO PAIVA SILVA FILHO | H9: 44942 | I9: AMARELO | J9: =IFERROR(VLOOKUP($C9,Embargos!$E$4:$E$3878,1,FALSE), "OK") -> OK | K9: =IF(J9=C9, "EMBARGADO", "LIBERADO") -> LIBERADO
B10: 5 | C10: 30-19 | D10: 30 | E10: 19 | F10: ADAM TAVARES MAGALHAES | H10: 46175 | I10: EXCLUSIVE | J10: =IFERROR(VLOOKUP($C10,Embargos!$E$4:$E$3878,1,FALSE), "OK") -> OK | K10: =IF(J10=C10, "EMBARGADO", "LIBERADO") -> LIBERADO
B11: 6 | C11: 29-24 | D11: 29 | E11: 24 | F11: ADAM TAVARES MAGALHAES | H11: 46175 | I11: VERMELHO | J11: =IFERROR(VLOOKUP($C11,Embargos!$E$4:$E$3878,1,FALSE), "OK") -> 29-24 | K11: =IF(J11=C11, "EMBARGADO", "LIBERADO") -> EMBARGADO
B12: 7 | C12: 8-19 | D12: 8 | E12: 19 | F12: ADAM TAVARES MAGALHAES | H12: 46175 | I12: EXCLUSIVE | J12: =IFERROR(VLOOKUP($C12,Embargos!$E$4:$E$3878,1,FALSE), "OK") -> 8-19 | K12: =IF(J12=C12, "EMBARGADO", "LIBERADO") -> EMBARGADO
B13: 8 | C13: 8-46 | D13: 8 | E13: 46 | F13: ADELE SUZANA DO CARMO TAVARES | H13: 46265 | I13: LARANJA | J13: =IFERROR(VLOOKUP($C13,Embargos!$E$4:$E$3878,1,FALSE), "OK") -> OK | K13: =IF(J13=C13, "EMBARGADO", "LIBERADO") -> LIBERADO
B14: 9 | C14: 33-14 | D14: 33 | E14: 14 | F14: ADEMIR GONCALVES CORREA JUNIOR | H14: 45262 | I14: GARDEN | J14: =IFERROR(VLOOKUP($C14,Embargos!$E$4:$E$3878,1,FALSE), "OK") -> OK | K14: =IF(J14=C14, "EMBARGADO", "LIBERADO") -> LIBERADO
B15: 10 | C15: 34-14 | D15: 34 | E15: 14 | F15: ADEMIR GONCALVES CORREA JUNIOR | H15: 45262 | I15: GARDEN | J15: =IFERROR(VLOOKUP($C15,Embargos!$E$4:$E$3878,1,FALSE), "OK") -> OK | K15: =IF(J15=C15, "EMBARGADO", "LIBERADO") -> LIBERADO
B16: 11 | C16: 24-16 | D16: 24 | E16: 16 | F16: ADENARD FRANCISCO CLEOPHAS CUNHA | H16: 46165 | I16: LARANJA | J16: =IFERROR(VLOOKUP($C16,Embargos!$E$4:$E$3878,1,FALSE), "OK") -> OK | K16: =IF(J16=C16, "EMBARGADO", "LIBERADO") -> LIBERADO
B17: 12 | C17: 18-29 | D17: 18 | E17: 29 | F17: ADERSON PESSOA BARRETO | H17: 44965 | I17: VERMELHO | J17: =IFERROR(VLOOKUP($C17,Embargos!$E$4:$E$3878,1,FALSE), "OK") -> OK | K17: =IF(J17=C17, "EMBARGADO", "LIBERADO") -> LIBERADO
B18: 13 | C18: 20-67 | D18: 20 | E18: 67 | F18: ADILSON OLIVEIRA COSTA JUNIOR | H18: 44952 | I18: AMARELO | J18: =IFERROR(VLOOKUP($C18,Embargos!$E$4:$E$3878,1,FALSE), "OK") -> OK | K18: =IF(J18=C18, "EMBARGADO", "LIBERADO") -> LIBERADO
... B44: 39 | C44: 27-19 | D44: 27 | E44: 19 | F44: ALAN MESSIAS MOTA DE OLIVEIRA | H44: 45350 | I44: EXCLUSIVE | J44: =IFERROR(VLOOKUP($C44,Embargos!$E$4:$E$3878,1,FALSE), "OK") -> OK | K44: =IF(J44=C44, "EMBARGADO", "LIBERADO") -> LIBERADO
B45: 40 | C45: 37-6 | D45: 37 | E45: 6 | F45: ALAN MORAES VIANA | H45: 46181 | I45: VERMELHO | J45: =IFERROR(VLOOKUP($C45,Embargos!$E$4:$E$3878,1,FALSE), "OK") -> 37-6 | K45: LIBERADO
B46: 41 | C46: 7-42 | D46: 7 | E46: 42 | F46: ALAN RODRIGO BRITO FARIAS | H46: 45849 | I46: EXCLUSIVE | J46: =IFERROR(VLOOKUP($C46,Embargos!$E$4:$E$3878,1,FALSE), "OK") -> OK | K46: =IF(J46=C46, "EMBARGADO", "LIBERADO") -> LIBERADO
B47: 42 | C47: 32-55 | D47: 32 | E47: 55 | F47: ALAN SILVA DOS SANTOS | H47: 45930 | I47: AMARELO | J47: =IFERROR(VLOOKUP($C47,Embargos!$E$4:$E$3878,1,FALSE), "OK") -> OK | K47: =IF(J47=C47, "EMBARGADO", "LIBERADO") -> LIBERADO
B48: 43 | C48: 23-54 | D48: 23 | E48: 54 | F48: ALANA FLAVIA PINHEIRO BAHIA | H48: 46034 | I48: AMARELO | J48: =IFERROR(VLOOKUP($C48,Embargos!$E$4:$E$3878,1,FALSE), "OK") -> OK | K48: =IF(J48=C48, "EMBARGADO", "LIBERADO") -> LIBERADO
B49: 44 | C49: 3-33 | D49: 3 | E49: 33 | F49: ALBERTO CARLOS GALHARDO XAVIER | H49: 44994 | I49: VERMELHO | J49: =IFERROR(VLOOKUP($C49,Embargos!$E$4:$E$3878,1,FALSE), "OK") -> OK | K49: =IF(J49=C49, "EMBARGADO", "LIBERADO") -> LIBERADO
B50: 45 | C50: 8-3 | D50: 8 | E50: 3 | F50: ALBERTO CARLOS GALHARDO XAVIER | H50: 45749 | I50: GARDEN | J50: =IFERROR(VLOOKUP($C50,Embargos!$E$4:$E$3878,1,FALSE), "OK") -> OK | K50: =IF(J50=C50, "EMBARGADO", "LIBERADO") -> LIBERADO
B51: 46 | C51: 9-3 | D51: 9 | E51: 3 | F51: ALBERTO CARLOS GALHARDO XAVIER | H51: 45749 | I51: GARDEN | J51: =IFERROR(VLOOKUP($C51,Embargos!$E$4:$E$3878,1,FALSE), "OK") -> OK | K51: =IF(J51=C51, "EMBARGADO", "LIBERADO") -> LIBERADO
B52: 47 | C52: 52-34 | D52: 52 | E52: 34 | F52: ALBERTO CEZAR PEREIRA SILVA | H52: 44953 | I52: VERMELHO | J52: =IFERROR(VLOOKUP($C52,Embargos!$E$4:$E$3878,1,FALSE), "OK") -> 52-34 | K52: =IF(J52=C52, "EMBARGADO", "LIBERADO") -> EMBARGADO
B53: 48 | C53: 35-51 | D53: 35 | E53: 51 | F53: ALBERTO OLIVEIRA BARBOSA JUNIOR | H53: 44950 | I53: AMARELO | J53: =IFERROR(VLOOKUP($C53,Embargos!$E$4:$E$3878,1,FALSE), "OK") -> OK | K53: =IF(J53=C53, "EMBARGADO", "LIBERADO") -> LIBERADO
B54: 49 | C54: 21-69 | D54: 21 | E54: 69 | F54: ALBERTO TAVARES PEREIRA | H54: 45392 | I54: AMARELO | J54: =IFERROR(VLOOKUP($C54,Embargos!$E$4:$E$3878,1,FALSE), "OK") -> OK | K54: =IF(J54=C54, "EMBARGADO", "LIBERADO") -> LIBERADO
B55: 50 | C55: 11-47 | D55: 11 | E55: 47 | F55: ALBERTO VIANA MARTINS | H55: 44992 | I55: AMARELO | J55: =IFERROR(VLOOKUP($C55,Embargos!$E$4:$E$3878,1,FALSE), "OK") -> OK | K55: =IF(J55=C55, "EMBARGADO", "LIBERADO") -> LIBERADO
B56: 51 | C56: 29-25 | D56: 29 | E56: 25 | F56: ALCEMIR ROSA PINHEIRO | H56: 44939 | I56: VERMELHO | J56: =IFERROR(VLOOKUP($C56,Embargos!$E$4:$E$3878,1,FALSE), "OK") -> OK | K56: =IF(J56=C56, "EMBARGADO", "LIBERADO") -> LIBERADO
B57: 52 | C57: 21-35 | D57: 21 | E57: 35 | F57: ALCEMIR ROSA PINHEIRO | H57: 45197 | I57: LARANJA | J57: =IFERROR(VLOOKUP($C57,Embargos!$E$4:$E$3878,1,FALSE), "OK") -> OK | K57: =IF(J57=C57, "EMBARGADO", "LIBERADO") -> LIBERADO
... B96: 91 | C96: 4-53 | D96: 4 | E96: 53 | F96: ALLAN LAKISE RAMOS | H96: 45300 | I96: AMARELO | J96: =IFERROR(VLOOKUP($C96,Embargos!$E$4:$E$3878,1,FALSE), "OK") -> OK | K96: =IF(J96=C96, "EMBARGADO", "LIBERADO") -> LIBERADO
B97: 92 | C97: 41-75 | D97: 41 | E97: 75 | F97: ALLOF THAYRO SOUZA PALHANO | G97: SIM | H97: 45199 | I97: ROXO | J97: =IFERROR(VLOOKUP($C97,Embargos!$E$4:$E$3878,1,FALSE), "OK") -> OK | K97: =IF(J97=C97, "EMBARGADO", "LIBERADO") -> LIBERADO
B98: 93 | C98: 9-50 | D98: 9 | E98: 50 | F98: ALLYSON LUIZ DA SILVA DUARTE | H98: 46031 | I98: AMARELO | J98: =IFERROR(VLOOKUP($C98,Embargos!$E$4:$E$3878,1,FALSE), "OK") -> OK | K98: =IF(J98=C98, "EMBARGADO", "LIBERADO") -> LIBERADO
B99: 94 | C99: 37-38 | D99: 37 | E99: 38 | F99: ALMIR RODRIGO PINTO DE OLIVEIRA | H99: 46056 | I99: LARANJA | J99: =IFERROR(VLOOKUP($C99,Embargos!$E$4:$E$3878,1,FALSE), "OK") -> OK | K99: =IF(J99=C99, "EMBARGADO", "LIBERADO") -> LIBERADO
B100: 95 | C100: 31-13 | D100: 31 | E100: 13 | F100: ALMIR SALES RODRIGUES | H100: 45477 | I100: GARDEN | J100: =IFERROR(VLOOKUP($C100,Embargos!$E$4:$E$3878,1,FALSE), "OK") -> OK | K100: =IF(J100=C100, "EMBARGADO", "LIBERADO") -> LIBERADO
B101: 96 | C101: 34-9 | D101: 34 | E101: 9 | F101: ALONSO JUNIOR PINHEIRO CARVALHO | H101: 45257 | I101: GARDEN | J101: =IFERROR(VLOOKUP($C101,Embargos!$E$4:$E$3878,1,FALSE), "OK") -> 34-9 | K101: =IF(J101=C101, "EMBARGADO", "LIBERADO") -> EMBARGADO
B102: 97 | C102: 14-63 | D102: 14 | E102: 63 | F102: ALTERLINE RODRIGUES DA SILVA | H102: 45867 | I102: ROXO | J102: =IFERROR(VLOOKUP($C102,Embargos!$E$4:$E$3878,1,FALSE), "OK") -> OK | K102: =IF(J102=C102, "EMBARGADO", "LIBERADO") -> LIBERADO
B103: 98 | C103: 11-18 | D103: 11 | E103: 18 | F103: ALTINO AYRES DA COSTA JUNIOR | H103: 45978 | I103: EXCLUSIVE | J103: =IFERROR(VLOOKUP($C103,Embargos!$E$4:$E$3878,1,FALSE), "OK") -> 11-18 | K103: =IF(J103=C103, "EMBARGADO", "LIBERADO") -> EMBARGADO
B104: 99 | C104: 22-7 | D104: 22 | E104: 7 | F104: ALUIZIO RODRIGUES DO CARMO FILHO | H104: 45260 | I104: GARDEN | J104: =IFERROR(VLOOKUP($C104,Embargos!$E$4:$E$3878,1,FALSE), "OK") -> OK | K104: =IF(J104=C104, "EMBARGADO", "LIBERADO") -> LIBERADO
B105: 100 | C105: 52-36 | D105: 52 | E105: 36 | F105: ALVARO DALLBELLO | H105: 44949 | I105: LARANJA | J105: =IFERROR(VLOOKUP($C105,Embargos!$E$4:$E$3878,1,FALSE), "OK") -> OK | K105: =IF(J105=C105, "EMBARGADO", "LIBERADO") -> LIBERADO
B106: 101 | C106: 23-10 | D106: 23 | E106: 10 | F106: AMANDA BIANCHINI PEPER | H106: 45346 | I106: GARDEN | J106: =IFERROR(VLOOKUP($C106,Embargos!$E$4:$E$3878,1,FALSE), "OK") -> OK | K106: =IF(J106=C106, "EMBARGADO", "LIBERADO") -> LIBERADO
B107: 102 | C107: 56-75 | D107: 56 | E107: 75 | F107: AMANDA DO SOCORRO CUNHA LACERDA | H107: 45227 | I107: ROXO | J107: =IFERROR(VLOOKUP($C107,Embargos!$E$4:$E$3878,1,FALSE), "OK") -> OK | K107: =IF(J107=C107, "EMBARGADO", "LIBERADO") -> LIBERADO
B108: 103 | C108: 33-5 | D108: 33 | E108: 5 | F108: AMANDA FONTELLES ALVES | H108: 45554 | I108: GARDEN | J108: =IFERROR(VLOOKUP($C108,Embargos!$E$4:$E$3878,1,FALSE), "OK") -> OK | K108: =IF(J108=C108, "EMBARGADO", "LIBERADO") -> LIBERADO
B109: 104 | C109: 34-5 | D109: 34 | E109: 5 | F109: AMANDA FONTELLES ALVES | H109: 45573 | I109: GARDEN | J109: =IFERROR(VLOOKUP($C109,Embargos!$E$4:$E$3878,1,FALSE), "OK") -> 34-5 | K109: =IF(J109=C109, "EMBARGADO", "LIBERADO") -> EMBARGADO
... B121: 116 | C121: 9-7 | D121: 9 | E121: 7 | F121: ANA CAROLINA VIEGAS DO ROSARIO | H121: 45260 | I121: GARDEN | J121: =IFERROR(VLOOKUP($C121,Embargos!$E$4:$E$3878,1,FALSE), "OK") -> OK | K121: =IF(J121=C121, "EMBARGADO", "LIBERADO") -> LIBERADO
B122: 117 | C122: 58-75 | D122: 58 | E122: 75 | F122: ANA CELIA MONTEIRO DE SOUZA PEREIRA | G122: SIM | H122: 45213 | I122: ROXO | J122: =IFERROR(VLOOKUP($C122,Embargos!$E$4:$E$3878,1,FALSE), "OK") -> OK | K122: =IF(J122=C122, "EMBARGADO", "LIBERADO") -> LIBERADO
B123: 118 | C123: 45-60 | D123: 45 | E123: 60 | F123: ANA CELIA MONTEIRO DE SOUZA PEREIRA | H123: 45680 | I123: ROXO | J123: =IFERROR(VLOOKUP($C123,Embargos!$E$4:$E$3878,1,FALSE), "OK") -> OK | K123: =IF(J123=C123, "EMBARGADO", "LIBERADO") -> LIBERADO
B124: 119 | C124: 14-4 | D124: 14 | E124: 4 | F124: ANA CLARA POMPEU MENEZES | H124: 45374 | I124: GARDEN | J124: =IFERROR(VLOOKUP($C124,Embargos!$E$4:$E$3878,1,FALSE), "OK") -> OK | K124: =IF(J124=C124, "EMBARGADO", "LIBERADO") -> LIBERADO
B125: 120 | C125: 15-69 | D125: 15 | E125: 69 | F125: ANA CLAUDIA FARIA CAMARGO | H125: 45096 | I125: AMARELO | J125: =IFERROR(VLOOKUP($C125,Embargos!$E$4:$E$3878,1,FALSE), "OK") -> OK | K125: =IF(J125=C125, "EMBARGADO", "LIBERADO") -> LIBERADO
B126: 121 | C126: 14-47 | D126: 14 | E126: 47 | F126: ANA CLAUDIA VENUTO DE ALFAIA | H126: 44968 | I126: AMARELO | J126: =IFERROR(VLOOKUP($C126,Embargos!$E$4:$E$3878,1,FALSE), "OK") -> OK | K126: =IF(J126=C126, "EMBARGADO", "LIBERADO") -> LIBERADO
B127: 122 | C127: 15-12 | D127: 15 | E127: 12 | F127: ANA CLAUDIA WANZELER MARCAL CARVALHO | H127: 45740 | I127: GARDEN | J127: =IFERROR(VLOOKUP($C127,Embargos!$E$4:$E$3878,1,FALSE), "OK") -> 15-12 | K127: =IF(J127=C127, "EMBARGADO", "LIBERADO") -> EMBARGADO
B128: 123 | C128: 15-58 | D128: 15 | E128: 58 | F128: ANA CLEA DA SILVA NASCIMENTO | H128: 45229 | I128: ROXO | J128: =IFERROR(VLOOKUP($C128,Embargos!$E$4:$E$3878,1,FALSE), "OK") -> OK | K128: =IF(J128=C128, "EMBARGADO", "LIBERADO") -> LIBERADO
B129: 124 | C129: 41-51 | D129: 41 | E129: 51 | F129: ANA CRISTINA CORREA MARTINS | H129: 45022 | I129: AMARELO | J129: =IFERROR(VLOOKUP($C129,Embargos!$E$4:$E$3878,1,FALSE), "OK") -> OK | K129: =IF(J129=C129, "EMBARGADO", "LIBERADO") -> LIBERADO
B130: 125 | C130: 14-12 | D130: 14 | E130: 12 | F130: ANA CRISTINA SANTOS SODRÉ | H130: 45272 | I130: GARDEN | J130: =IFERROR(VLOOKUP($C130,Embargos!$E$4:$E$3878,1,FALSE), "OK") -> OK | K130: =IF(J130=C130, "EMBARGADO", "LIBERADO") -> LIBERADO
B131: 126 | C131: 9-64 | D131: 9 | E131: 64 | F131: ANA CRISTINA SARAIVA BENTES | H131: 45749 | I131: AMARELO | J131: =IFERROR(VLOOKUP($C131,Embargos!$E$4:$E$3878,1,FALSE), "OK") -> OK | K131: =IF(J131=C131, "EMBARGADO", "LIBERADO") -> LIBERADO
B132: 127 | C132: 19-3 | D132: 19 | E132: 3 | F132: ANA ERIETH SOUSA REGO | H132: 45845 | I132: GARDEN | J132: =IFERROR(VLOOKUP($C132,Embargos!$E$4:$E$3878,1,FALSE), "OK") -> OK | K132: =IF(J132=C132, "EMBARGADO", "LIBERADO") -> LIBERADO
B133: 128 | C133: 56-35 | D133: 56 | E133: 35 | F133: ANA ESTHER SILVA PACHECO | H133: 45894 | I133: LARANJA | J133: =IFERROR(VLOOKUP($C133,Embargos!$E$4:$E$3878,1,FALSE), "OK") -> OK | K133: =IF(J133=C133, "EMBARGADO", "LIBERADO") -> LIBERADO
B134: 129 | C134: 7-24 | D134: 7 | E134: 24 | F134: ANA LAURA DA SILVA ALVES HOLANDA | H134: 44942 | I134: VERMELHO | J134: =IFERROR(VLOOKUP($C134,Embargos!$E$4:$E$3878,1,FALSE), "OK") -> OK | K134: =IF(J134=C134, "EMBARGADO", "LIBERADO") -> LIBERADO
... B156: 151 | C156: 11-53 | D156: 11 | E156: 53 | F156: ANDERSON ROBERTO DE OLIVEIRA BORCEM | H156: 45681 | I156: AMARELO | J156: =IFERROR(VLOOKUP($C156,Embargos!$E$4:$E$3878,1,FALSE), "OK") -> OK | K156: =IF(J156=C156, "EMBARGADO", "LIBERADO") -> LIBERADO
B157: 152 | C157: 13-65 | D157: 13 | E157: 65 | F157: ANDRE COSTA CARVALHO | G157: SIM | H157: 45073 | I157: AMARELO | J157: =IFERROR(VLOOKUP($C157,Embargos!$E$4:$E$3878,1,FALSE), "OK") -> OK | K157: =IF(J157=C157, "EMBARGADO", "LIBERADO") -> LIBERADO
B158: 153 | C158: 14-65 | D158: 14 | E158: 65 | F158: ANDRE COSTA CARVALHO | H158: 45073 | I158: AMARELO | J158: =IFERROR(VLOOKUP($C158,Embargos!$E$4:$E$3878,1,FALSE), "OK") -> OK | K158: =IF(J158=C158, "EMBARGADO", "LIBERADO") -> LIBERADO
B159: 154 | C159: 1-15 | D159: 1 | E159: 15 | F159: ANDRE FRANCO LEITE | H159: 45757 | I159: GARDEN | J159: =IFERROR(VLOOKUP($C159,Embargos!$E$4:$E$3878,1,FALSE), "OK") -> OK | K159: =IF(J159=C159, "EMBARGADO", "LIBERADO") -> LIBERADO
B160: 155 | C160: 20-24 | D160: 20 | E160: 24 | F160: ANDRE LUIS SANTOS LOBATO | H160: 44938 | I160: VERMELHO | J160: =IFERROR(VLOOKUP($C160,Embargos!$E$4:$E$3878,1,FALSE), "OK") -> OK | K160: =IF(J160=C160, "EMBARGADO", "LIBERADO") -> LIBERADO
B161: 156 | C161: 16-18 | D161: 16 | E161: 18 | F161: ANDRE LUIZ DA SILVA REIS | G161: SIM | H161: 45722 | I161: EXCLUSIVE | J161: =IFERROR(VLOOKUP($C161,Embargos!$E$4:$E$3878,1,FALSE), "OK") -> OK | K161: =IF(J161=C161, "EMBARGADO", "LIBERADO") -> LIBERADO
B162: 157 | C162: 14-78 | D162: 14 | E162: 78 | F162: ANDRE LUIZ TAVARES GUIMARÃES | H162: 45066 | I162: ROXO | J162: =IFERROR(VLOOKUP($C162,Embargos!$E$4:$E$3878,1,FALSE), "OK") -> 14-78 | K162: =IF(J162=C162, "EMBARGADO", "LIBERADO") -> EMBARGADO
B163: 158 | C163: 7-20 | D163: 7 | E163: 20 | F163: ANDRE LUIZ TAVARES MENDES | H163: 45695 | I163: EXCLUSIVE | J163: =IFERROR(VLOOKUP($C163,Embargos!$E$4:$E$3878,1,FALSE), "OK") -> OK | K163: =IF(J163=C163, "EMBARGADO", "LIBERADO") -> LIBERADO
B164: 159 | C164: 56-55 | D164: 56 | E164: 55 | F164: ANDRE PERES GUERREIRO | H164: 44957 | I164: AMARELO | J164: =IFERROR(VLOOKUP($C164,Embargos!$E$4:$E$3878,1,FALSE), "OK") -> OK | K164: =IF(J164=C164, "EMBARGADO", "LIBERADO") -> LIBERADO
B165: 160 | C165: 13-55 | D165: 13 | E165: 55 | F165: ANDRE PERES GUERREIRO | H165: 45073 | I165: AMARELO | J165: =IFERROR(VLOOKUP($C165,Embargos!$E$4:$E$3878,1,FALSE), "OK") -> OK | K165: =IF(J165=C165, "EMBARGADO", "LIBERADO") -> LIBERADO
B166: 161 | C166: 5-5 | D166: 5 | E166: 5 | F166: ANDRE RODRIGUES PESSOA | H166: 45273 | I166: GARDEN | J166: =IFERROR(VLOOKUP($C166,Embargos!$E$4:$E$3878,1,FALSE), "OK") -> 5-5 | K166: =IF(J166=C166, "EMBARGADO", "LIBERADO") -> EMBARGADO
B167: 162 | C167: 37-29 | D167: 37 | E167: 29 | F167: ANDRE RONALD DINIZ DE ANDRADE | H167: 45048 | I167: VERMELHO | J167: =IFERROR(VLOOKUP($C167,Embargos!$E$4:$E$3878,1,FALSE), "OK") -> OK | K167: =IF(J167=C167, "EMBARGADO", "LIBERADO") -> LIBERADO
B168: 163 | C168: 1-38 | D168: 1 | E168: 38 | F168: ANDRE RONALD DINIZ DE ANDRADE | H168: 45171 | I168: LARANJA | J168: =IFERROR(VLOOKUP($C168,Embargos!$E$4:$E$3878,1,FALSE), "OK") -> OK | K168: =IF(J168=C168, "EMBARGADO", "LIBERADO") -> LIBERADO
B169: 164 | C169: 26-69 | D169: 26 | E169: 69 | F169: ANDRÉA ARSÈNE FAUSTINE | H169: 46216 | I169: AMARELO | J169: =IFERROR(VLOOKUP($C169,Embargos!$E$4:$E$3878,1,FALSE), "OK") -> OK | K169: =IF(J169=C169, "EMBARGADO", "LIBERADO") -> LIBERADO
B170: 165 | C170: 27-69 | D170: 27 | E170: 69 | F170: ANDRÉA ARSÈNE FAUSTINE | H170: 46216 | I170: AMARELO | J170: =IFERROR(VLOOKUP($C170,Embargos!$E$4:$E$3878,1,FALSE), "OK") -> OK | K170: =IF(J170=C170, "EMBARGADO", "LIBERADO") -> LIBERADO
B171: 166 | C171: 7-5 | D171: 7 | E171: 5 | F171: ANDREA BRABO DE JESUS NEVES | H171: 45266 | I171: GARDEN | J171: =IFERROR(VLOOKUP($C171,Embargos!$E$4:$E$3878,1,FALSE), "OK") -> 7-5 | K171: =IF(J171=C171, "EMBARGADO", "LIBERADO") -> EMBARGADO
B172: 167 | C172: 8-66 | D172: 8 | E172: 66 | F172: ANDREA CRISTINA BARROS MACHADO | H172: 45101 | I172: AMARELO | J172: =IFERROR(VLOOKUP($C172,Embargos!$E$4:$E$3878,1,FALSE), "OK") -> OK | K172: =IF(J172=C172, "EMBARGADO", "LIBERADO") -> LIBERADO
B173: 168 | C173: 7-66 | D173: 7 | E173: 66 | F173: ANDREA CRISTINA BARROS MACHADO | H173: 46085 | I173: AMARELO | J173: =IFERROR(VLOOKUP($C173,Embargos!$E$4:$E$3878,1,FALSE), "OK") -> OK | K173: =IF(J173=C173, "EMBARGADO", "LIBERADO") -> LIBERADO
... B195: 190 | C195: 25-54 | D195: 25 | E195: 54 | F195: ANGELA TEREZA DE OLIVEIRA CORREA | H195: 45195 | I195: AMARELO | J195: =IFERROR(VLOOKUP($C195,Embargos!$E$4:$E$3878,1,FALSE), "OK") -> OK | K195: =IF(J195=C195, "EMBARGADO", "LIBERADO") -> LIBERADO
B196: 191 | C196: 10-41 | D196: 10 | E196: 41 | F196: ANGELO LUIZ BARBOSA IMBIRIBA | G196: SIM | H196: 45154 | I196: LARANJA | J196: =IFERROR(VLOOKUP($C196,Embargos!$E$4:$E$3878,1,FALSE), "OK") -> OK | K196: =IF(J196=C196, "EMBARGADO", "LIBERADO") -> LIBERADO
B197: 192 | C197: 2-28 | D197: 2 | E197: 28 | F197: ANILDO SABOIA DOS SANTOS JUNIOR | H197: 44939 | I197: VERMELHO | J197: =IFERROR(VLOOKUP($C197,Embargos!$E$4:$E$3878,1,FALSE), "OK") -> OK | K197: =IF(J197=C197, "EMBARGADO", "LIBERADO") -> LIBERADO
B198: 193 | C198: 7-47 | D198: 7 | E198: 47 | F198: ANIRROSI FERREIRA DA SILVA ARAGÃO | H198: 44936 | I198: AMARELO | J198: =IFERROR(VLOOKUP($C198,Embargos!$E$4:$E$3878,1,FALSE), "OK") -> OK | K198: =IF(J198=C198, "EMBARGADO", "LIBERADO") -> LIBERADO
B199: 194 | C199: 19-53 | D199: 19 | E199: 53 | F199: ANNA CARLA ANTUNES AGUIAR | H199: 45412 | I199: AMARELO | J199: =IFERROR(VLOOKUP($C199,Embargos!$E$4:$E$3878,1,FALSE), "OK") -> OK | K199: =IF(J199=C199, "EMBARGADO", "LIBERADO") -> LIBERADO
B200: 195 | C200: 42-6 | D200: 42 | E200: 6 | F200: ANNA CHRISTINA VIEIRA BENINE | H200: 45101 | I200: VERMELHO | J200: =IFERROR(VLOOKUP($C200,Embargos!$E$4:$E$3878,1,FALSE), "OK") -> OK | K200: =IF(J200=C200, "EMBARGADO", "LIBERADO") -> LIBERADO
B201: 196 | C201: 9-13 | D201: 9 | E201: 13 | F201: ANNE KALLYNI GREGORIO PEREIRA | H201: 45847 | I201: GARDEN | J201: =IFERROR(VLOOKUP($C201,Embargos!$E$4:$E$3878,1,FALSE), "OK") -> OK | K201: =IF(J201=C201, "EMBARGADO", "LIBERADO") -> LIBERADO
B202: 197 | C202: 3-79 | D202: 3 | E202: 79 | F202: ANSELMO WAGNER PINHEIRO DOS SANTOS | H202: 45222 | I202: ROXO | J202: =IFERROR(VLOOKUP($C202,Embargos!$E$4:$E$3878,1,FALSE), "OK") -> OK | K202: =IF(J202=C202, "EMBARGADO", "LIBERADO") -> LIBERADO
B203: 198 | C203: 4-79 | D203: 4 | E203: 79 | F203: ANSELMO WAGNER PINHEIRO DOS SANTOS | H203: 45222 | I203: ROXO | J203: =IFERROR(VLOOKUP($C203,Embargos!$E$4:$E$3878,1,FALSE), "OK") -> OK | K203: =IF(J203=C203, "EMBARGADO", "LIBERADO") -> LIBERADO
B204: 199 | C204: 7-19 | D204: 7 | E204: 19 | F204: ANTHONY PAULO DE SOUZA MONTEIRO | H204: 45318 | I204: EXCLUSIVE | J204: =IFERROR(VLOOKUP($C204,Embargos!$E$4:$E$3878,1,FALSE), "OK") -> OK | K204: =IF(J204=C204, "EMBARGADO", "LIBERADO") -> LIBERADO
B205: 200 | C205: 8-9 | D205: 8 | E205: 9 | F205: ANTONIA NERIVALDA BRITO DE OLIVEIRA | H205: 45346 | I205: GARDEN | J205: =IFERROR(VLOOKUP($C205,Embargos!$E$4:$E$3878,1,FALSE), "OK") -> OK | K205: =IF(J205=C205, "EMBARGADO", "LIBERADO") -> LIBERADO
B206: 201 | C206: 37-13 | D206: 37 | E206: 13 | F206: ANTONIA ROSIENE CABRAL DA COSTA | H206: 45958 | I206: GARDEN | J206: =IFERROR(VLOOKUP($C206,Embargos!$E$4:$E$3878,1,FALSE), "OK") -> OK | K206: =IF(J206=C206, "EMBARGADO", "LIBERADO") -> LIBERADO
B207: 202 | C207: 29-46 | D207: 29 | E207: 46 | F207: ANTONILDO DA SILVA NEGRÃO | H207: 45376 | I207: LARANJA | J207: =IFERROR(VLOOKUP($C207,Embargos!$E$4:$E$3878,1,FALSE), "OK") -> OK | K207: =IF(J207=C207, "EMBARGADO", "LIBERADO") -> LIBERADO
B208: 203 | C208: 12-19 | D208: 12 | E208: 19 | F208: ANTONILDO SILVA DA SILVA | H208: 45694 | I208: EXCLUSIVE | J208: =IFERROR(VLOOKUP($C208,Embargos!$E$4:$E$3878,1,FALSE), "OK") -> OK | K208: =IF(J208=C208, "EMBARGADO", "LIBERADO") -> LIBERADO
... B223: 218 | C223: 40-51 | D223: 40 | E223: 51 | F223: ANTONIO DE JESUS DOS SANTOS BRAZ | H223: 44937 | I223: AMARELO | J223: =IFERROR(VLOOKUP($C223,Embargos!$E$4:$E$3878,1,FALSE), "OK") -> OK | K223: =IF(J223=C223, "EMBARGADO", "LIBERADO") -> LIBERADO
B224: 219 | C224: 10-51 | D224: 10 | E224: 51 | F224: ANTONIO DIVANILSON ARAUJO | G224: SIM | H224: 44935 | I224: AMARELO | J224: =IFERROR(VLOOKUP($C224,Embargos!$E$4:$E$3878,1,FALSE), "OK") -> OK | K224: =IF(J224=C224, "EMBARGADO", "LIBERADO") -> LIBERADO
B225: 220 | C225: 19-33 | D225: 19 | E225: 33 | F225: ANTONIO FERREIRA MAGNO | H225: 44957 | I225: VERMELHO | J225: =IFERROR(VLOOKUP($C225,Embargos!$E$4:$E$3878,1,FALSE), "OK") -> OK | K225: =IF(J225=C225, "EMBARGADO", "LIBERADO") -> LIBERADO
B226: 221 | C226: 7-18 | D226: 7 | E226: 18 | F226: ANTONIO FRANCISCO ALMEIDA ARAUJO | H226: 45863 | I226: EXCLUSIVE | J226: =IFERROR(VLOOKUP($C226,Embargos!$E$4:$E$3878,1,FALSE), "OK") -> OK | K226: =IF(J226=C226, "EMBARGADO", "LIBERADO") -> LIBERADO
B227: 222 | C227: 28-14 | D227: 28 | E227: 14 | F227: ANTONIO JORGE PEREIRA CARTAGENES | H227: 45318 | I227: GARDEN | J227: =IFERROR(VLOOKUP($C227,Embargos!$E$4:$E$3878,1,FALSE), "OK") -> OK | K227: =IF(J227=C227, "EMBARGADO", "LIBERADO") -> LIBERADO
B228: 223 | C228: 51-75 | D228: 51 | E228: 75 | F228: ANTONIO LUIZ FERNANDES NETO | H228: 45400 | I228: ROXO | J228: =IFERROR(VLOOKUP($C228,Embargos!$E$4:$E$3878,1,FALSE), "OK") -> 51-75 | K228: =IF(J228=C228, "EMBARGADO", "LIBERADO") -> EMBARGADO
B229: 224 | C229: 13-30 | D229: 13 | E229: 30 | F229: ANTONIO MELO MIRANDA | H229: 45199 | I229: VERMELHO | J229: =IFERROR(VLOOKUP($C229,Embargos!$E$4:$E$3878,1,FALSE), "OK") -> OK | K229: =IF(J229=C229, "EMBARGADO", "LIBERADO") -> LIBERADO
B230: 225 | C230: 33-28 | D230: 33 | E230: 28 | F230: ANTONIO PEREIRA DE MENDONÇA | H230: 44949 | I230: VERMELHO | J230: =IFERROR(VLOOKUP($C230,Embargos!$E$4:$E$3878,1,FALSE), "OK") -> OK | K230: =IF(J230=C230, "EMBARGADO", "LIBERADO") -> LIBERADO
B231: 226 | C231: 11-24 | D231: 11 | E231: 24 | F231: ANTONIO RODRIGO LACERDA CUNHA | H231: 45142 | I231: VERMELHO | J231: =IFERROR(VLOOKUP($C231,Embargos!$E$4:$E$3878,1,FALSE), "OK") -> OK | K231: =IF(J231=C231, "EMBARGADO", "LIBERADO") -> LIBERADO
B232: 227 | C232: 21-72 | D232: 21 | E232: 72 | F232: ANTONIO RODRIGO LACERDA CUNHA | H232: 45159 | I232: LARANJA | J232: =IFERROR(VLOOKUP($C232,Embargos!$E$4:$E$3878,1,FALSE), "OK") -> OK | K232: =IF(J232=C232, "EMBARGADO", "LIBERADO") -> LIBERADO
...

Sheet Embargos
A1: Embargo de obra - 21.10.2026
A2: LOTES BAIRRO ABERTO
A3: SETOR COR | B3: DIAS DE ATRASO | C3: Construção | D3: Habitado | E3: Lote/Quadra | F3: Nome do Cliente | G3: Atraso desde
A4: EXCLUSIVE | B4: 1 | C4: Sem construção | D4: NÃO | E4: 8-19 | F4: ADAM TAVARES MAGALHAES | G4: 20/10/2026
A5: EXCLUSIVE | B5: 1 | C5: Sem construção | D5: NÃO | E5: 29-24 | F5: ADAM TAVARES MAGALHAES | G5: 20/10/2026
A6: GARDEN | B6: 31 | C6: Sem construção | D6: NÃO | E6: 10-10 | F6: ADRIANA BIANCHINI | G6: 20/09/2026
A7: ROXO | B7: 77 | C7: Sem construção | D7: NÃO | E7: 19-62 | F7: ADRIANA DE ALCANTARA SIQUEIRA | G7: 46150
A8: GARDEN | B8: 31 | C8: CASA / RESIDÊNCIA | D8: NÃO | E8: 15-6 | F8: ADRIANA VICTORIA RAAD MARTINS | G8: 46152
A9: LARANJA | B9: 36 | C9: Sem construção | D9: NÃO | E9: 14-72 | F9: AGENOR JOSE DA COSTA NEVES JUNIOR | G9: 15/09/2026
A10: EXCLUSIVE | B10: 93 | C10: Sem construção | D10: NÃO | E10: 13-12 | F10: AGUINALDO LUIZ DOS REIS SILVA JUNIOR | G10: 46150
A11: GARDEN | B11: 1 | C11: Sem construção | D11: NÃO | E11: 22-14 | F11: AIDA MONTEIRO RIBEIRO | G11: 20/10/2026
A12: GARDEN | B12: 16 | C12: Sem construção | D12: NÃO | E12: 37-6 | F12: ALAN MORAES VIANA | G12: 46152
A13: VERMELHO | B13: 11 | C13: Sem construção | D13: NÃO | E13: 52-34 | F13: ALBERTO CEZAR PEREIRA SILVA | G13: 15/10/2026
A14: GARDEN | B14: 36 | C14: Sem construção | D14: NÃO | E14: 4-3 | F14: ALCI COSTA PENA | G14: 15/09/2026
A15: EXCLUSIVE | B15: 31 | C15: Sem construção | D15: NÃO | E15: 39-22 | F15: ALCI COSTA PENA | G15: 20/09/2026
A16: VERMELHO | B16: 36 | C16: Sem construção | D16: NÃO | E16: 5-77 | F16: ALDO LOBO MELO | G16: 15/09/2026
A17: GARDEN | B17: 41 | C17: Sem construção | D17: NÃO | E17: 13-15 | F17: ALESSANDRA SACRAMENTO COSTA | G17: 15/09/2026
A18: ROXO | B18: 11 | C18: Sem construção | D18: NÃO | E18: 23-76 | F18: ALEX DA SILVA MODESTO | G18: 46305
A19: GARDEN | B19: 16 | C19: Sem construção | D19: NÃO | E19: 5-11 | F19: ALEXANDRE PIRES BESSA | G19: 46152
A20: EXCLUSIVE | B20: 62 | C20: Sem construção | D20: NÃO | E20: 9-21 | F20: ALEXANDRE SILVA DE SOUSA | G20: 20/08/2026
A21: AMARELO | B21: 46 | C21: Sem construção | D21: NÃO | E21: 47-69 | F21: ALIANNE LUCIA DE ALMEIDA MATOS | G21: 46151
A22: VERMELHO | B22: 36 | C22: Sem construção | D22: NÃO | E22: 4-54 | F22: ALINE ELLEN FONTES DA COSTA | G22: 20/09/2026
A23: EXCLUSIVE | B23: 72 | C23: Sem construção | D23: NÃO | E23: 3-19 | F23: ALLAN JOSÉ SOUZA SARAIVA | G23: 46303
A24: GARDEN | B24: 46 | C24: Sem construção | D24: NÃO | E24: 34-9 | F24: ALONSO JUNIOR PINHEIRO CARVALHO | G24: 46151
A25: EXCLUSIVE | B25: 41 | C25: Sem construção | D25: NÃO | E25: 11-18 | F25: ALTINO AYRES DA COSTA JUNIOR | G25: 46304
A26: GARDEN | B26: 36 | C26: Sem construção | D26: NÃO | E26: 34-5 | F26: AMANDA FONTELLES ALVES | G26: 15/09/2026
A27: GARDEN | B27: 36 | C27: Sem construção | D27: NÃO | E27: 35-5 | F27: AMANDA FONTELLES ALVES | G27: 15/09/2026
A28: GARDEN | B28: 36 | C28: Sem construção | D28: NÃO | E28: 36-5 | F28: AMANDA FONTELLES ALVES | G28: 15/09/2026
A29: GARDEN | B29: 36 | C29: Sem construção | D29: NÃO | E29: 11-5 | F29: AMANDA FONTELLES ALVES | G29: 15/09/2026
A30: EXCLUSIVE | B30: 46 | C30: Sem construção | D30: NÃO | E30: 24-17 | F30: AMANDA PATRICIA GAUDIO BAYMA | G30: 46151
A31: VERMELHO | B31: 41 | C31: Sem construção | D31: NÃO | E31: 5-26 | F31: AMANDA VITORIA DA SILVA SOUZA | G31: 46304
A32: AMARELO | B32: 16 | C32: Sem construção | D32: NÃO | E32: 28-48 | F32: AMELIA DAS GRAÇAS CANTÃO SIMÕES | G32: 46152
A33: GARDEN | B33: 77 | C33: Sem construção | D33: NÃO | E33: 36-3 | F33: ANA CAROLINA OLIVEIRA FREITAS | G33: 46150
A34: GARDEN | B34: 6 | C34: Sem construção | D34: NÃO | E34: 14-10 | F34: ANA CAROLINA SILVA DE MIRANDA | G34: 15/10/2026
A35: ROXO | B35: 46 | C35: Sem construção | D35: NÃO | E35: 10-57 | F35: ANA CAROLINA SOARES LAUANDE | G35: 46151
A36: GARDEN | B36: 31 | C36: Sem construção | D36: NÃO | E36: 15-12 | F36: ANA CLAUDIA WANZELER MARCAL CARVALHO | G36: 20/09/2026
A37: VERMELHO | B37: 98 | C37: Sem construção | D37: NÃO | E37: 27-42 | F37: ANA PAULA RODRIGUES LOUREIRO | G37: 20/07/2026
A38: LARANJA | B38: 31 | C38: Sem construção | D38: NÃO | E38: 17-45 | F38: ANA PAULA SILVA DOS SANTOS | G38: 20/09/2026
A39: GARDEN | B39: 6 | C39: Sem construção | D39: NÃO | E39: 24-15 | F39: ANA QUEZIA AIRES ARAUJO | G39: 15/10/2026
A40: EXCLUSIVE | B40: 154 | C40: Sem construção | D40: NÃO | E40: 30-18 | F40: ANA TATIANE COELHO REBELO | G40: 20/05/2026
A41: LARANJA | B41: 67 | C41: Sem construção | D41: NÃO | E41: 23-38 | F41: ANA VALERIA RIBEIRO BORGES | G41: 15/08/2026
A42: AMARELO | B42: 138 | C42: Sem construção | D42: NÃO | E42: 17-8 | F42: ANANDA MIRANDA LOPES | G42: 15/06/2026
A43: GARDEN | B43: 36 | C43: Sem construção | D43: NÃO | E43: 4-66 | F43: ANDERSON ALMEIDA BRUNET | G43: 15/09/2026
A44: GARDEN | B44: 1 | C44: CASA / RESIDÊNCIA | D44: NÃO | E44: 7-6 | F44: ANDERSON PINHEIRO SALES | G44: 20/10/2026
A45: AMARELO | B45: 46 | C45: Sem construção | D45: NÃO | E45: 23-51 | F45: ANDERSON RICARDO DA SILVA CABRAL | G45: 46151
A46: VERMELHO | B46: 16 | C46: Sem construção | D46: NÃO | E46: 14-78 | F46: ANDRE LUIZ TAVARES GUIMARÃES | G46: 46152
A47: GARDEN | B47: 77 | C47: Sem construção | D47: NÃO | E47: 5-5 | F47: ANDRE RODRIGUES PESSOA | G47: 46150
A48: GARDEN | B48: 46 | C48: Sem construção | D48: NÃO | E48: 7-5 | F48: ANDREA BRABO DE JESUS NEVES | G48: 46151
A49: GARDEN | B49: 46 | C49: Sem construção | D49: NÃO | E49: 29-13 | F49: ANDREA CUIMAR BAIA | G49: 46151
A50: VERMELHO | B50: 11 | C50: Sem construção | D50: NÃO | E50: 25-32 | F50: ANDREIA MENDES DINIZ | G50: 46305
A51: AMARELO | B51: 16 | C51: Sem construção | D51: NÃO | E51: 17-54 | F51: ANDREWA ANASTACIA BENITO DA SILVA | G51: 46152
A52: GARDEN | B52: 16 | C52: Sem construção | D52: NÃO | E52: 33-13 | F52: ANDREZA LUSTOSA DE SOUZA | G52: 46152
A53: EXCLUSIVE | B53: 31 | C53: Sem construção | D53: NÃO | E53: 22-21 | F53: ANDREZA PANTOJA PEREIRA | G53: 20/09/2026
A54: AMARELO | B54: 57 | C54: Sem construção | D54: NÃO | E54: 20-33 | F54: ANTONIO AUGUSTO FERREIRA DA MOTA | G54: 46151
A55: GARDEN | B55: 46 | C55: Sem construção | D55: NÃO | E55: 3-2 | F55: ANTONIO AUGUSTO FERREIRA DA MOTA | G55: 46151
A56: VERMELHO | B56: 36 | C56: Sem construção | D56: NÃO | E56: 51-75 | F56: ANTONIO LUIZ FERNANDES NETO | G56: 15/09/2026
A57: EXCLUSIVE | B57: 36 | C57: Sem construção | D57: NÃO | E57: 13-17 | F57: ARIELY SANTOS DA SILVA | G57: 15/09/2026
A58: VERMELHO | B58: 16 | C58: Sem construção | D58: NÃO | E58: 62-55 | F58: AUREA ANDREZZA SILVA DOS SANTOS | G58: 46152
A59: VERMELHO | B59: 46 | C59: Sem construção | D59: NÃO | E59: 20-26 | F59: AYK EULALIA MOTTA SOUZA FREIRE | G59: 46151
A60: GARDEN | B60: 6 | C60: Sem construção | D60: NÃO | E60: 8-57 | F60: BÁRBARA NATASHA FERNANDES LOUREIRO BRAGA | G60: 15/10/2026
A61: GARDEN | B61: 6 | C61: Sem construção | D61: NÃO | E61: 29-9 | F61: BENEDITO DO SOCORRO CAMPOS CUNHA | G61: 15/10/2026
A62: AMARELO | B62: 31 | C62: Sem construção | D62: NÃO | E62: 20-81 | F62: BENEDITO MARQUES RODRIGUES | G62: 20/09/2026
A63: AMARELO | B63: 46 | C63: Sem construção | D63: NÃO | E63: 25-69 | F63: BETANIA CAROLAINE AGUIAR DE SOUZA | G63: 46151
A64: AMARELO | B64: 72 | C64: Sem construção | D64: NÃO | E64: 11-66 | F64: BRENDA GONÇALVES DE ANDRADE PAES | G64: 46303
A65: GARDEN | B65: 1 | C65: Sem construção | D65: NÃO | E65: 25-7 | F65: BRUNA BECHARA MENDES | G65: 20/10/2026
A66: VERMELHO | B66: 67 | C66: Sem construção | D66: NÃO | E66: 19-32 | F66: BRUNO ASSAYAG DA SILVA | G66: 15/08/2026
A67: VERMELHO | B67: 62 | C67: Sem construção | D67: NÃO | E67: 35-28 | F67: BRUNO FONSECA DE MEDEIROS | G67: 20/08/2026
A68: EXCLUSIVE | B68: 16 | C68: Sem construção | D68: NÃO | E68: 18-20 | F68: BRUNO HENRIQUE PEREIRA CABRAL | G68: 46152
A69: VERMELHO | B69: 62 | C69: Sem construção | D69: NÃO | E69: 28-78 | F69: BRUNO RAIOL MONTEIRO FERREIRA | G69: 20/08/2026
A70: EXCLUSIVE | B70: 1 | C70: Sem construção | D70: NÃO | E70: 25-20 | F70: BRUNO WANDERLEY PEDROSO DOS SANTOS | G70: 20/10/2026
A71: GARDEN | B71: 77 | C71: Sem construção | D71: NÃO | E71: 1-4 | F71: CARLOS ALBERTO DA SILVA ALCANTARA | G71: 46150
A72: VERMELHO | B72: 11 | C72: Sem construção | D72: NÃO | E72: 33-12 | F72: CARLOS AUGUSTO LISBOA DA SILVA | G72: 46305
A73: GARDEN | B73: 11 | C73: Sem construção | D73: NÃO | E73: 6-10 | F73: CARLOS AUGUSTO LISBOA DA SILVA | G73: 46305
A74: AMARELO | B74: 16 | C74: Sem construção | D74: NÃO | E74: 14-18 | F74: CARLOS EDUARDO DE SOUSA LIMA | G74: 46152
A75: AMARELO | B75: 16 | C75: Sem construção | D75: NÃO | E75: 2-75 | F75: CARLOS ISRAEL VAZ E SILVA | G75: 46152
A76: ROXO | B76: 46 | C76: CASA / RESIDÊNCIA | D76: NÃO | E76: 2-74 | F76: CARLOS LEONARDO DA SILVA | G76: 46151
A77: EXCLUSIVE | B77: 16 | C77: Sem construção | D77: NÃO | E77: 9-24 | F77: CAYO CESAR RODRIGUES CAUHY | G77: 46152
A78: GARDEN | B78: 77 | C78: Sem construção | D78: NÃO | E78: 15-1 | F78: CELICE FREITAS MADUREIRA RIBEIRO | G78: 46150
A79: AMARELO | B79: 31 | C79: Sem construção | D79: NÃO | E79: 21-64 | F79: CHARLYSTON WYTTING CARDOSO DE SOUSA | G79: 20/09/2026
A80: GARDEN | B80: 6 | C80: Sem construção | D80: NÃO | E80: 19-10 | F80: CHRISTIAN SAMPAIO MARTINS | G80: 15/10/2026
A81: ROXO | B81: 36 | C81: Sem construção | D81: NÃO | E81: 21-24 | F81: CLAYTON FERREIRA DA COSTA | G81: 15/09/2026
A82: EXCLUSIVE | B82: 199 | C82: Sem construção | D82: NÃO | E82: 11-21 | F82: CLEIDE MARIA DE OLIVEIRA SOARES | G82: 46146
A83: EXCLUSIVE | B83: 16 | C83: Sem construção | D83: NÃO | E83: 24-23 | F83: CLEITON COSTA PINHEIRO | G83: 46152
A84: LARANJA | B84: 16 | C84: Sem construção | D84: NÃO | E84: 10-73 | F84: CLEUDIANE PRISCILA SILVA DA SILVA | G84: 46152
A85: GARDEN | B85: 26 | C85: Sem construção | D85: NÃO | E85: 14-6 | F85: CLEYTON ANDERSON SIQUEIRA MOTA | G85: 25/09/2026
A86: ROXO | B86: 77 | C86: Sem construção | D86: NÃO | E86: 17-62 | F86: CRISLEY MOREIRA PALHETA | G86: 46150
A87: LARANJA | B87: 36 | C87: BARRACÃO DE OBRA | D87: NÃO | E87: 38-38 | F87: CRISTIANE BALDES DA SILVA CANUTO | G87: 15/09/2026
A88: AMARELO | B88: 36 | C88: Sem construção | D88: NÃO | E88: 14-51 | F88: CRISTIANE LOPES DE OLIVEIRA | G88: 15/09/2026
A89: AMARELO | B89: 31 | C89: Sem construção | D89: NÃO | E89: 28-9 | F89: CRISTIANE SILVA VITELLI | G89: 20/09/2026
A90: EXCLUSIVE | B90: 16 | C90: Sem construção | D90: NÃO | E90: 10-37 | F90: DANIELE DE JESUS MARTINS DANTAS | G90: 46305
A91: GARDEN | B91: 128 | C91: Sem construção | D91: NÃO | E91: 8-79 | F91: DANIELE QUEIROZ DA SILVA | G91: 46149
A92: GARDEN | B92: 164 | C92: Sem construção | D92: NÃO | E92: 14-14 | F92: DANUZE RICHTER RABELO | G92: 46300
A93: GARDEN | B93: 1 | C93: Sem construção | D93: NÃO | E93: 16-1 | F93: DARIO DEIVID SILVA DA SILVA | G93: 20/10/2026
A94: GARDEN | B94: 1 | C94: Sem construção | D94: NÃO | E94: 1-3 | F94: DARTAGNAN DIAS BORSERO | G94: 20/10/2026
A95: LARANJA | B95: 31 | C95: Sem construção | D95: NÃO | E95: 15-45 | F95: DAVID DA SILVA GONÇALVES | G95: 20/09/2026
A96: GARDEN | B96: 16 | C96: Sem construção | D96: NÃO | E96: 20-5 | F96: DAVID JOSUE SILVA DE MELO | G96: 46152
A97: VERMELHO | B97: 16 | C97: Sem construção | D97: NÃO | E97: 18-21 | F97: DEBORAH RAYANNE COSTA DA COSTA | G97: 46152
A98: LARANJA | B98: 133 | C98: Sem construção | D98: NÃO | E98: 21-45 | F98: DENIS SALOMAO MONTEIRO ALVES DE LIMA | G98: 46301
A99: AMARELO | B99: 159 | C99: Sem construção | D99: NÃO | E99: 34-69 | F99: DENISE REGINA BATISTA MC PHERSON | G99: 15/05/2026
A100: VERMELHO | B100: 258 | C100: Sem construção | D100: NÃO | E100: 31-60 | F100: DEYSE NASCIMENTO SOUSA | G100: 46144
...
